<?xml version="1.0" encoding="UTF-8"?>
<ui version="4.0">
 <class>MainWindow</class>
 <widget class="QMainWindow" name="MainWindow">
  <property name="geometry">
   <rect>
    <x>0</x>
    <y>0</y>
    <width>800</width>
    <height>600</height>
   </rect>
  </property>
  <property name="windowTitle">
   <string>MainWindow</string>
  </property>
  <widget class="QWidget" name="centralwidget">
   <widget class="QPushButton" name="pushButton">
    <property name="geometry">
     <rect>
      <x>180</x>
      <y>80</y>
      <width>211</width>
      <height>24</height>
     </rect>
    </property>
    <property name="text">
     <string>факторизация</string>
    </property>
   </widget>
   <widget class="QLineEdit" name="lineEdit">
    <property name="geometry">
     <rect>
      <x>170</x>
      <y>150</y>
      <width>361</width>
      <height>22</height>
     </rect>
    </property>
   </widget>
   <widget class="QLineEdit" name="lineEdit_2">
    <property name="geometry">
     <rect>
      <x>170</x>
      <y>220</y>
      <width>361</width>
      <height>22</height>
     </rect>
    </property>
   </widget>
   <widget class="QComboBox" name="comboBox">
    <property name="geometry">
     <rect>
      <x>500</x>
      <y>70</y>
      <width>69</width>
      <height>22</height>
     </rect>
    </property>
   </widget>
  </widget>
  <widget class="QMenuBar" name="menubar">
   <property name="geometry">
    <rect>
     <x>0</x>
     <y>0</y>
     <width>800</width>
     <height>22</height>
    </rect>
   </property>
  </widget>
  <widget class="QStatusBar" name="statusbar"/>
 </widget>
 <resources/>
 <connections/>
</ui>
